{
  "src": [
    "drums.webm",
    "drums.mp3"
  ],
  "sprite": {
    "clap": [
      0,
      734.2630385487529
    ],
    "closed-hithat": [
      2000,
      552.7891156462586
    ],
    "crash": [
      4000,
      10185.260770975057
    ],
    "kick": [
      16000,
      568.91156462585
    ],
    "open-hithat": [
      18000,
      4946.0770975056685
    ],
    "snare": [
      24000,
      1248.2539682539696
    ]
  }
}